kmer,gain_importance,perm_importance_mean,perm_importance_std,gain_rank,perm_rank,rank_diff
CGAC,0.0034602927,0.0815,0.012854960132182378,98.0,1.0,97.0
GTGA,0.0,0.017000000000000015,0.003316624790355403,214.5,2.0,212.5
GCTG,0.0012407681,0.0020000000000000018,0.0024494897427831805,159.0,3.0,156.0
AAAA,0.036756214,0.0,0.0,1.0,130.0,129.0
AACA,0.020334471,0.0,0.0,5.0,130.0,125.0
AACC,0.019983908,0.0,0.0,6.0,130.0,124.0
AAAG,0.023659034,0.0,0.0,3.0,130.0,127.0
AAAC,0.024514066,0.0,0.0,2.0,130.0,128.0
AAGA,0.016331857,0.0,0.0,9.0,130.0,121.0
AAGC,0.016242603,0.0,0.0,10.0,130.0,120.0
AAGG,0.015453085,0.0,0.0,11.0,130.0,119.0
AAGT,0.014812502,0.0,0.0,12.0,130.0,118.0
AATA,0.014746565,0.0,0.0,13.0,130.0,117.0
AATC,0.014736911,0.0,0.0,14.0,130.0,116.0
AACG,0.019578923,0.0,0.0,7.0,130.0,123.0
AAAT,0.022739,0.0,0.0,4.0,130.0,126.0
ACAA,0.013208437,0.0,0.0,17.0,130.0,113.0
ACAC,0.013106986,0.0,0.0,18.0,130.0,112.0
ACAG,0.012889432,0.0,0.0,19.0,130.0,111.0
ACAT,0.012512649,0.0,0.0,20.0,130.0,110.0
ACCA,0.012392449,0.0,0.0,21.0,130.0,109.0
ACCC,0.011322293,0.0,0.0,22.0,130.0,108.0
ACCG,0.011022253,0.0,0.0,23.0,130.0,107.0
ACCT,0.010725035,0.0,0.0,24.0,130.0,106.0
ACGA,0.010514613,0.0,0.0,25.0,130.0,105.0
ACGC,0.010371802,0.0,0.0,26.0,130.0,104.0
ACGG,0.0100388555,0.0,0.0,27.0,130.0,103.0
ACGT,0.009973961,0.0,0.0,28.0,130.0,102.0
ACTA,0.009927872,0.0,0.0,29.0,130.0,101.0
ACTC,0.0099168755,0.0,0.0,30.0,130.0,100.0
AATG,0.014145774,0.0,0.0,15.0,130.0,115.0
AACT,0.017087813,0.0,0.0,8.0,130.0,122.0
AGAA,0.00861236,0.0,0.0,33.0,130.0,97.0
AGAC,0.008589099,0.0,0.0,34.0,130.0,96.0
AGAG,0.00826561,0.0,0.0,35.0,130.0,95.0
AGAT,0.008078536,0.0,0.0,36.0,130.0,94.0
AGCA,0.008023107,0.0,0.0,37.0,130.0,93.0
AGCC,0.008014231,0.0,0.0,38.0,130.0,92.0
AGCG,0.0077205724,0.0,0.0,39.0,130.0,91.0
AGCT,0.007651116,0.0,0.0,40.0,130.0,90.0
AGGA,0.0076100887,0.0,0.0,41.0,130.0,89.0
AGGC,0.0075791986,0.0,0.0,42.0,130.0,88.0
AGGG,0.007411213,0.0,0.0,43.0,130.0,87.0
AGGT,0.007220441,0.0,0.0,44.0,130.0,86.0
AGTA,0.007155412,0.0,0.0,45.0,130.0,85.0
AGTC,0.0069967303,0.0,0.0,46.0,130.0,84.0
AGTG,0.006976166,0.0,0.0,47.0,130.0,83.0
AGTT,0.006953141,0.0,0.0,48.0,130.0,82.0
ATAA,0.0069332914,0.0,0.0,49.0,130.0,81.0
ATAC,0.0068924944,0.0,0.0,50.0,130.0,80.0
ATAG,0.0067307856,0.0,0.0,51.0,130.0,79.0
ATAT,0.0066187438,0.0,0.0,52.0,130.0,78.0
ATCA,0.006410448,0.0,0.0,53.0,130.0,77.0
ATCC,0.006245825,0.0,0.0,54.0,130.0,76.0
ATCG,0.0062312665,0.0,0.0,55.0,130.0,75.0
ATCT,0.0060360814,0.0,0.0,56.0,130.0,74.0
ATGA,0.0059897737,0.0,0.0,57.0,130.0,73.0
ATGC,0.0059101977,0.0,0.0,58.0,130.0,72.0
ATGG,0.0057387976,0.0,0.0,59.0,130.0,71.0
ATGT,0.0056729154,0.0,0.0,60.0,130.0,70.0
ATTA,0.0056667267,0.0,0.0,61.0,130.0,69.0
ATTC,0.00565092,0.0,0.0,62.0,130.0,68.0
ACTG,0.0091397185,0.0,0.0,31.0,130.0,99.0
AATT,0.014125733,0.0,0.0,16.0,130.0,114.0
ATTT,0.0055686575,0.0,0.0,64.0,130.0,66.0
CAAA,0.005510945,0.0,0.0,65.0,130.0,65.0
CAAG,0.0054870364,0.0,0.0,67.0,130.0,63.0
CAAC,0.0055035013,0.0,0.0,66.0,130.0,64.0
CACA,0.0051017804,0.0,0.0,69.0,130.0,61.0
CACC,0.004981315,0.0,0.0,70.0,130.0,60.0
CACG,0.0049685263,0.0,0.0,71.0,130.0,59.0
CAAT,0.005111927,0.0,0.0,68.0,130.0,62.0
CAGA,0.0047838655,0.0,0.0,73.0,130.0,57.0
CAGC,0.0046867486,0.0,0.0,74.0,130.0,56.0
CAGG,0.0046730605,0.0,0.0,75.0,130.0,55.0
CAGT,0.004527403,0.0,0.0,76.0,130.0,54.0
CATA,0.004505434,0.0,0.0,77.0,130.0,53.0
CATC,0.004358969,0.0,0.0,78.0,130.0,52.0
CATG,0.004281049,0.0,0.0,79.0,130.0,51.0
CACT,0.0049349247,0.0,0.0,72.0,130.0,58.0
CCAA,0.004257072,0.0,0.0,81.0,130.0,49.0
CCAC,0.0042449473,0.0,0.0,82.0,130.0,48.0
CCAG,0.0042385813,0.0,0.0,83.0,130.0,47.0
CCAT,0.004094171,0.0,0.0,84.0,130.0,46.0
CCCA,0.0040120366,0.0,0.0,85.0,130.0,45.0
CCCC,0.0039122547,0.0,0.0,86.0,130.0,44.0
CCCG,0.0039117406,0.0,0.0,87.0,130.0,43.0
CCCT,0.0038784763,0.0,0.0,88.0,130.0,42.0
CCGA,0.0038335568,0.0,0.0,89.0,130.0,41.0
CCGC,0.0037578682,0.0,0.0,90.0,130.0,40.0
CCGG,0.0037280729,0.0,0.0,91.0,130.0,39.0
CCGT,0.0036764664,0.0,0.0,92.0,130.0,38.0
CCTA,0.003598831,0.0,0.0,93.0,130.0,37.0
CCTC,0.00355408,0.0,0.0,94.0,130.0,36.0
CCTG,0.0035469278,0.0,0.0,95.0,130.0,35.0
CATT,0.004276606,0.0,0.0,80.0,130.0,50.0
CCTT,0.0035115369,0.0,0.0,96.0,130.0,34.0
CGAA,0.0035025673,0.0,0.0,97.0,130.0,33.0
CGAG,0.0034499436,0.0,0.0,99.0,130.0,31.0
CGAT,0.0034460744,0.0,0.0,100.0,130.0,30.0
CGCA,0.0034343184,0.0,0.0,101.0,130.0,29.0
CGCC,0.003408726,0.0,0.0,102.0,130.0,28.0
CGCG,0.003307876,0.0,0.0,103.0,130.0,27.0
CGCT,0.0032901522,0.0,0.0,104.0,130.0,26.0
CGGA,0.0032566455,0.0,0.0,105.0,130.0,25.0
CGGC,0.0032357874,0.0,0.0,106.0,130.0,24.0
CGGG,0.0031918609,0.0,0.0,107.0,130.0,23.0
CGGT,0.0031482584,0.0,0.0,108.0,130.0,22.0
CGTA,0.0031336618,0.0,0.0,109.0,130.0,21.0
CGTC,0.0031144677,0.0,0.0,110.0,130.0,20.0
CGTG,0.0030985612,0.0,0.0,111.0,130.0,19.0
CGTT,0.0030857371,0.0,0.0,112.0,130.0,18.0
CTAA,0.0030743508,0.0,0.0,113.0,130.0,17.0
CTAC,0.0030472649,0.0,0.0,114.0,130.0,16.0
CTAG,0.0030214756,0.0,0.0,115.0,130.0,15.0
CTAT,0.0029867652,0.0,0.0,116.0,130.0,14.0
CTCA,0.0029765961,0.0,0.0,117.0,130.0,13.0
CTCC,0.002913553,0.0,0.0,118.0,130.0,12.0
CTCG,0.0028990656,0.0,0.0,119.0,130.0,11.0
CTCT,0.0028966593,0.0,0.0,120.0,130.0,10.0
CTGA,0.0028619217,0.0,0.0,121.0,130.0,9.0
CTGC,0.0028454235,0.0,0.0,122.0,130.0,8.0
CTGG,0.0024637429,0.0,0.0,123.0,130.0,7.0
CTGT,0.002444448,0.0,0.0,124.0,130.0,6.0
CTTA,0.002406995,0.0,0.0,125.0,130.0,5.0
CTTC,0.0023773194,0.0,0.0,126.0,130.0,4.0
ATTG,0.005624369,0.0,0.0,63.0,130.0,67.0
ACTT,0.008948152,0.0,0.0,32.0,130.0,98.0
CTTT,0.0023371717,0.0,0.0,128.0,130.0,2.0
CTTG,0.002351242,0.0,0.0,127.0,130.0,3.0
GAAG,0.002248011,0.0,0.0,131.0,130.0,1.0
GAAA,0.0022785133,0.0,0.0,129.0,130.0,1.0
GACA,0.0022352622,0.0,0.0,133.0,130.0,3.0
GACC,0.0022292095,0.0,0.0,134.0,130.0,4.0
GACG,0.0022170343,0.0,0.0,135.0,130.0,5.0
GAAC,0.0022767014,0.0,0.0,130.0,130.0,0.0
GAGA,0.0020122416,0.0,0.0,137.0,130.0,7.0
GAGC,0.0019445972,0.0,0.0,138.0,130.0,8.0
GAGG,0.0018541561,0.0,0.0,139.0,130.0,9.0
GAGT,0.0018136362,0.0,0.0,140.0,130.0,10.0
GATA,0.0017904412,0.0,0.0,141.0,130.0,11.0
GATC,0.0017357755,0.0,0.0,142.0,130.0,12.0
GATG,0.0017341367,0.0,0.0,143.0,130.0,13.0
GAAT,0.002244508,0.0,0.0,132.0,130.0,2.0
GATT,0.0017232018,0.0,0.0,144.0,130.0,14.0
GCAA,0.0016721606,0.0,0.0,145.0,130.0,15.0
GCAG,0.0016346803,0.0,0.0,147.0,130.0,17.0
GCAC,0.0016577055,0.0,0.0,146.0,130.0,16.0
GCCA,0.0015479309,0.0,0.0,149.0,130.0,19.0
GCCC,0.001444055,0.0,0.0,150.0,130.0,20.0
GCCG,0.0013902229,0.0,0.0,151.0,130.0,21.0
GCAT,0.0015612824,0.0,0.0,148.0,130.0,18.0
GCCT,0.001387014,0.0,0.0,152.0,130.0,22.0
GCGA,0.0013582932,0.0,0.0,153.0,130.0,23.0
GCGG,0.0013404394,0.0,0.0,155.0,130.0,25.0
GCGC,0.001346057,0.0,0.0,154.0,130.0,24.0
GCGT,0.0013125961,0.0,0.0,156.0,130.0,26.0
GCTA,0.0012912359,0.0,0.0,157.0,130.0,27.0
GCTC,0.00124219,0.0,0.0,158.0,130.0,28.0
GACT,0.0021974435,0.0,0.0,136.0,130.0,6.0
GCTT,0.0010916404,0.0,0.0,160.0,130.0,30.0
GGAA,0.00096192496,0.0,0.0,161.0,130.0,31.0
GGAG,0.00090955873,0.0,0.0,163.0,130.0,33.0
GGAC,0.0009149812,0.0,0.0,162.0,130.0,32.0
GGCA,0.00071032,0.0,0.0,165.0,130.0,35.0
GGCC,0.0006847353,0.0,0.0,166.0,130.0,36.0
GGCG,0.00066072016,0.0,0.0,167.0,130.0,37.0
GGAT,0.0007936367,0.0,0.0,164.0,130.0,34.0
GGGA,0.00030929112,0.0,0.0,169.0,130.0,39.0
GGGC,0.00023134389,0.0,0.0,170.0,130.0,40.0
GGGG,0.00016438612,0.0,0.0,171.0,130.0,41.0
GGGT,0.00015083379,0.0,0.0,172.0,130.0,42.0
GGTA,0.0,0.0,0.0,214.5,130.0,84.5
GGTC,0.0,0.0,0.0,214.5,130.0,84.5
GGTG,0.0,0.0,0.0,214.5,130.0,84.5
GGCT,0.00049834803,0.0,0.0,168.0,130.0,38.0
GGTT,0.0,0.0,0.0,214.5,130.0,84.5
GTAA,0.0,0.0,0.0,214.5,130.0,84.5
GTAG,0.0,0.0,0.0,214.5,130.0,84.5
GTAC,0.0,0.0,0.0,214.5,130.0,84.5
GTCA,0.0,0.0,0.0,214.5,130.0,84.5
GTCC,0.0,0.0,0.0,214.5,130.0,84.5
GTCG,0.0,0.0,0.0,214.5,130.0,84.5
GTAT,0.0,0.0,0.0,214.5,130.0,84.5
GTCT,0.0,0.0,0.0,214.5,130.0,84.5
GTGC,0.0,0.0,0.0,214.5,130.0,84.5
GTGG,0.0,0.0,0.0,214.5,130.0,84.5
GTGT,0.0,0.0,0.0,214.5,130.0,84.5
GTTA,0.0,0.0,0.0,214.5,130.0,84.5
GTTC,0.0,0.0,0.0,214.5,130.0,84.5
GTTG,0.0,0.0,0.0,214.5,130.0,84.5
GTTT,0.0,0.0,0.0,214.5,130.0,84.5
TAAA,0.0,0.0,0.0,214.5,130.0,84.5
TAAC,0.0,0.0,0.0,214.5,130.0,84.5
TAAG,0.0,0.0,0.0,214.5,130.0,84.5
TAAT,0.0,0.0,0.0,214.5,130.0,84.5
TACA,0.0,0.0,0.0,214.5,130.0,84.5
TACC,0.0,0.0,0.0,214.5,130.0,84.5
TACG,0.0,0.0,0.0,214.5,130.0,84.5
TACT,0.0,0.0,0.0,214.5,130.0,84.5
TAGA,0.0,0.0,0.0,214.5,130.0,84.5
TAGC,0.0,0.0,0.0,214.5,130.0,84.5
TAGG,0.0,0.0,0.0,214.5,130.0,84.5
TAGT,0.0,0.0,0.0,214.5,130.0,84.5
TATA,0.0,0.0,0.0,214.5,130.0,84.5
TATC,0.0,0.0,0.0,214.5,130.0,84.5
TATG,0.0,0.0,0.0,214.5,130.0,84.5
TATT,0.0,0.0,0.0,214.5,130.0,84.5
TCAA,0.0,0.0,0.0,214.5,130.0,84.5
TCAC,0.0,0.0,0.0,214.5,130.0,84.5
TCAG,0.0,0.0,0.0,214.5,130.0,84.5
TCAT,0.0,0.0,0.0,214.5,130.0,84.5
TCCA,0.0,0.0,0.0,214.5,130.0,84.5
TCCC,0.0,0.0,0.0,214.5,130.0,84.5
TCCG,0.0,0.0,0.0,214.5,130.0,84.5
TCCT,0.0,0.0,0.0,214.5,130.0,84.5
TCGA,0.0,0.0,0.0,214.5,130.0,84.5
TCGC,0.0,0.0,0.0,214.5,130.0,84.5
TCGG,0.0,0.0,0.0,214.5,130.0,84.5
TCGT,0.0,0.0,0.0,214.5,130.0,84.5
TCTA,0.0,0.0,0.0,214.5,130.0,84.5
TCTC,0.0,0.0,0.0,214.5,130.0,84.5
TCTG,0.0,0.0,0.0,214.5,130.0,84.5
TCTT,0.0,0.0,0.0,214.5,130.0,84.5
TGAA,0.0,0.0,0.0,214.5,130.0,84.5
TGAC,0.0,0.0,0.0,214.5,130.0,84.5
TGAG,0.0,0.0,0.0,214.5,130.0,84.5
TGAT,0.0,0.0,0.0,214.5,130.0,84.5
TGCA,0.0,0.0,0.0,214.5,130.0,84.5
TGCC,0.0,0.0,0.0,214.5,130.0,84.5
TGCG,0.0,0.0,0.0,214.5,130.0,84.5
TGCT,0.0,0.0,0.0,214.5,130.0,84.5
TGGA,0.0,0.0,0.0,214.5,130.0,84.5
TGGC,0.0,0.0,0.0,214.5,130.0,84.5
TGGG,0.0,0.0,0.0,214.5,130.0,84.5
TGGT,0.0,0.0,0.0,214.5,130.0,84.5
TGTA,0.0,0.0,0.0,214.5,130.0,84.5
TGTC,0.0,0.0,0.0,214.5,130.0,84.5
TGTG,0.0,0.0,0.0,214.5,130.0,84.5
TGTT,0.0,0.0,0.0,214.5,130.0,84.5
TTAA,0.0,0.0,0.0,214.5,130.0,84.5
TTAC,0.0,0.0,0.0,214.5,130.0,84.5
TTAG,0.0,0.0,0.0,214.5,130.0,84.5
TTAT,0.0,0.0,0.0,214.5,130.0,84.5
TTCA,0.0,0.0,0.0,214.5,130.0,84.5
TTCC,0.0,0.0,0.0,214.5,130.0,84.5
TTCG,0.0,0.0,0.0,214.5,130.0,84.5
TTCT,0.0,0.0,0.0,214.5,130.0,84.5
TTGA,0.0,0.0,0.0,214.5,130.0,84.5
TTGC,0.0,0.0,0.0,214.5,130.0,84.5
TTGG,0.0,0.0,0.0,214.5,130.0,84.5
TTGT,0.0,0.0,0.0,214.5,130.0,84.5
TTTA,0.0,0.0,0.0,214.5,130.0,84.5
TTTC,0.0,0.0,0.0,214.5,130.0,84.5
TTTG,0.0,0.0,0.0,214.5,130.0,84.5
TTTT,0.0,0.0,0.0,214.5,130.0,84.5
